DATE,long value,EARNING LONG,short value,EARNING SHORT,NUMBER LONG,NUMBER SHORT,TOTAL FIRMS WITH ARTS,HEADLINES WITH SENTIMENT WORDS
2019-01-02,0,0,0,0,0,0,282,177
2019-01-03,10000.0,10314.706723231267,10000.000000000007,10307.38880503756,50,49,219,163
2019-01-04,10000.0,10047.19820424451,10000.0,9921.686869867966,50,50,180,115
2019-01-07,10000.0,10338.371171145072,10000.0,10185.939081223347,50,50,266,148
2019-01-08,10000.0,10186.183149694856,10000.0,10042.425649223134,50,50,293,171
2019-01-09,10000.0,10112.227379405187,10000.0,9995.713304631234,50,50,248,150
2019-01-10,10000.0,9898.983442496192,10000.0,9901.23794626707,50,50,221,141
2019-01-11,10000.0,10036.158327286485,10000.0,9992.255952028117,50,50,245,117
2019-01-14,10000.0,10120.54900348362,10000.0,10021.55406359226,50,50,269,163
2019-01-15,10000.0,9974.07843243012,10000.0,10005.48285355221,50,50,187,111
2019-01-16,10000.0,10106.86055871167,10000.00000000001,10247.431159952419,50,45,218,134
2019-01-17,10000.0,9949.344122343242,10000.0,9939.296089860096,50,50,208,137
2019-01-18,10000.0,10155.407303545897,9800.0,9886.711345147543,50,50,182,107
2019-01-22,10000.0,10044.593655952465,10000.000000000002,9927.675217963917,50,44,265,155
2019-01-23,10000.0,9918.218649328508,10000.0,9880.448110670732,50,50,263,163
2019-01-24,10000.0,9960.104471362254,10000.0,9854.23865551482,50,50,293,172
2019-01-25,10000.0,10128.896742653551,10000.0,10049.663949176907,50,50,192,129
2019-01-28,10000.0,9965.711528683483,10000.0,9778.510416258174,50,50,274,182
2019-01-29,10000.0,10229.398580307525,10000.0,9983.447591340171,50,50,256,132
2019-01-30,10000.0,10017.043323133144,10000.0,10009.825018861557,50,50,251,164
2019-01-31,10000.0,10074.259184827459,10000.0,10038.295655813157,50,50,239,145
2019-02-01,10000.0,10137.394900631027,10000.000000000007,10019.720956558378,50,49,222,135
2019-02-04,10000.0,10106.118637333053,10000.0,9986.387858374692,50,50,195,116
2019-02-05,10000.0,10082.452416454347,10000.0,10104.98176493428,50,50,245,121
2019-02-06,10000.0,10008.57660118239,10000.0,9868.019778850627,50,50,249,157
2019-02-07,10000.0,9914.276350120705,10000.0,9773.608767661986,50,50,279,171
2019-02-08,10000.0,9927.930593656107,10000.0,9722.359408539365,50,50,185,130
2019-02-11,10000.0,10085.64840173427,10000.0,10180.680427881522,50,50,233,131
2019-02-12,10000.0,10200.995400356647,10000.0,9886.338015200148,50,50,214,123
2019-02-13,10000.0,10051.684894160695,10000.0,9986.867566672694,50,50,272,174
2019-02-14,10000.0,9949.95538368371,10000.0,9819.328071354099,50,50,392,198
2019-02-15,10000.0,10042.142160554076,10000.0,10019.434370431249,50,50,276,155
2019-02-19,10000.000000000007,10064.32700352444,10000.0,10008.3640832468,49,50,266,148
2019-02-20,10000.0,10103.839975105018,10000.0,10011.228692613488,50,50,287,186
2019-02-21,10000.0,9933.49185832088,10000.0,9951.612043612435,50,50,311,168
2019-02-22,10000.0,9977.957174415616,10000.0,9955.713140603531,50,50,237,158
2019-02-25,10000.0,10141.72210783681,10000.0,10040.722402814783,50,50,236,141
2019-02-26,10000.0,9984.005653504526,10000.0,9781.332938906411,50,50,271,178
2019-02-27,10000.0,9937.602558872413,10000.0,9862.007575753378,50,50,253,167
2019-02-28,10000.0,10029.178463146603,10000.0,9918.277993686075,50,50,271,178
2019-03-01,10000.0,10017.131903831953,10000.0,10055.013253728965,50,50,216,150
2019-03-04,10000.0,10101.898008649474,10000.0,9974.880760431919,50,50,228,152
2019-03-05,10000.0,10003.588620136725,10000.0,9757.619162875466,50,50,218,118
2019-03-06,10000.0,10164.20551340779,10000.0,9903.36415029874,50,50,242,148
2019-03-07,10000.000000000007,9855.18701220116,10000.0,9721.216594130532,49,50,228,139
2019-03-08,10000.0,9864.11246521048,10000.0,9835.51872734037,50,50,181,127
2019-03-11,10000.0,10087.979712234675,10000.0,9977.574920482188,50,50,194,101
2019-03-12,10000.0,10247.48312478246,10000.000000000004,10130.982713412392,50,29,194,110
2019-03-13,10000.0,10044.732224248984,10000.0,9780.856530954916,50,50,171,108
2019-03-14,10000.0,9939.026276352826,10000.000000000002,9988.93013366016,50,44,169,105
2019-03-15,10000.0,10038.71241769965,10000.0,9923.966926400184,50,50,188,123
2019-03-18,10000.0,9976.954804842453,10000.000000000002,9998.940166525383,50,41,208,125
2019-03-19,10000.0,10209.538694000927,10000.0,9901.454889283385,50,50,184,97
2019-03-20,10000.0,9993.848129191047,10000.000000000002,9779.725629177838,50,39,224,140
2019-03-21,10000.0,10002.037497761983,10000.0,9927.20796050297,50,50,222,153
2019-03-22,10000.0,10319.733172928869,10000.0,9859.691248467598,50,50,209,161
2019-03-25,10000.0,9928.40536902436,10000.0,9653.227230438368,40,50,172,104
2019-03-26,10000.0,10056.316311868182,10000.00000000001,10006.456235486821,50,45,206,128
2019-03-27,10000.00000000001,9987.854783255683,10000.0,9969.85586856536,45,50,221,158
2019-03-28,9800.0,9786.244277056392,10000.0,9822.94737872371,50,50,212,144
2019-03-29,10000.0,10059.62735517883,10000.0,10015.54006785152,50,50,228,145
2019-04-01,10000.0,10062.396809703314,10000.0,10191.684541125236,50,50,300,207
2019-04-02,10000.0,10158.483232723394,10000.0,10134.552028149232,50,50,213,122
2019-04-03,10000.0,9993.94753643841,10000.0,9758.165870820525,50,50,200,139
2019-04-04,10000.0,9979.292870545445,10000.00000000001,9864.531437431202,50,45,206,133
2019-04-05,10000.0,10167.181279091206,10000.0,9858.160482918498,50,50,177,118
2019-04-08,10000.0,10018.070286641894,10000.00000000001,10081.931411774583,50,47,191,120
2019-04-09,10000.0,10015.78755892066,10000.0,9830.515703746712,50,50,210,133
2019-04-10,10000.0,9948.439724788048,10000.0,9947.4268631784,50,50,190,117
2019-04-11,10000.0,10043.319444092906,10000.0,10002.6783011861,50,50,205,125
2019-04-12,10000.0,10114.65882177596,10000.0,9931.970376460189,50,50,210,146
2019-04-15,10000.0,9980.972487084535,10000.0,9893.649170910621,50,50,196,120
2019-04-16,10000.0,9980.51920126883,10000.0,9956.299823834532,50,50,259,182
2019-04-17,10000.0,10124.898381850506,10000.0,9731.875849610624,50,50,290,209
2019-04-18,10000.0,9891.05449739337,10000.0,9640.137586179682,50,50,267,159
2019-04-22,10000.0,9997.714981524716,10000.0,9921.139031225192,50,50,228,155
2019-04-23,10000.0,9996.77369890654,10000.0,10018.00272441739,50,50,310,231
2019-04-24,10000.0,10191.582283413582,10000.0,10018.220885983592,50,50,339,238
2019-04-25,10000.0,9996.144174806153,10000.0,9778.417429050418,50,50,366,259
2019-04-26,10000.0,9922.88084269312,10000.0,9834.67430558558,50,50,343,267
2019-04-29,10000.0,10148.967379610409,10000.0,10031.409346223832,50,50,216,129
2019-04-30,10000.0,10015.761595568989,10000.0,9865.411584829722,50,50,344,214
2019-05-01,10000.0,10197.28065288732,10000.0,9837.442255285985,50,50,389,252
2019-05-02,10000.0,9857.17692448996,10000.0,9900.132626985565,50,50,383,239
2019-05-03,10000.0,10065.559587446473,10000.0,9914.115317172133,50,50,269,181
2019-05-06,10000.0,9937.790183435034,10000.0,9850.198600888942,50,50,384,283
2019-05-07,10000.0,10157.491813315211,10000.0,9972.724829297847,50,50,408,287
2019-05-08,10000.0,9863.845679411406,10000.0,9859.588764086566,50,50,374,230
2019-05-09,10000.0,9819.756262012153,10000.0,9753.104540981638,50,50,442,324
2019-05-10,10000.0,9954.73877588154,10000.0,10015.474521392442,50,50,271,195
2019-05-13,10000.0,9947.723690027151,10000.0,9783.348797693014,50,50,276,200
2019-05-14,10000.0,9962.462226007823,10000.0,9947.06853439766,50,50,304,216
2019-05-15,10000.0,10003.954978961323,10000.0,10090.818872234166,50,50,299,209
2019-05-16,10000.0,10100.992447079407,10000.0,10060.13362402032,50,50,262,200
2019-05-17,10000.0,9887.478133895534,10000.0,9846.278258707229,50,50,258,204
2019-05-20,10000.0,9987.16773116727,10000.0,9811.034602790598,50,50,253,165
2019-05-21,10000.0,10267.179110551446,10000.0,9904.017132543864,50,50,267,199
2019-05-22,10000.0,10041.590751830141,10000.0,9965.11852953313,50,50,242,183
2019-05-23,10000.0,9865.680167848193,10000.0,9679.844513419976,50,50,317,253
2019-05-24,10000.0,9945.28997128436,10000.0,9955.927410184815,50,50,177,96
2019-05-28,10000.0,10056.766781880564,10000.000000000002,9927.452358320774,50,39,180,99
2019-05-29,10000.0,9923.527376059415,10000.0,9587.687565751092,50,40,223,153
2019-05-30,10000.0,9993.727087495943,10000.000000000007,9981.835828169429,50,49,241,159
2019-05-31,10000.0,9933.884796671831,10000.0,9760.466237883129,50,50,283,213
2019-06-03,10000.0,9891.125301689115,10000.0,9917.556315167409,50,50,301,174
2019-06-04,10000.0,10081.539566175697,10000.0,9845.289944617529,50,50,374,298
2019-06-05,10000.0,10247.520848422204,10000.0,10218.983597927709,50,50,260,168
2019-06-06,10000.0,9880.952284819012,10000.0,9825.12151624328,50,50,205,134
2019-06-07,10000.0,9944.978022830655,10000.0,9824.319161725294,50,50,215,139
2019-06-10,10000.0,10104.686899964376,10000.0,10199.117658151741,50,50,208,125
2019-06-11,10000.0,10135.792642914927,9999.999999999989,9992.387392110117,50,38,245,148
2019-06-12,10000.0,9936.814145694014,10000.0,9838.214070506223,50,50,245,170
2019-06-13,10000.0,10068.171451462538,10000.0,9917.666078277307,50,50,190,115
2019-06-14,10000.0,10088.401860949645,10000.000000000002,10023.945088177186,50,31,248,167
2019-06-17,10000.000000000007,9950.46205032246,10000.0,9805.84032820923,49,50,212,124
2019-06-18,10000.0,10115.245550319043,10000.0,10099.288176064452,50,50,243,153
2019-06-19,10000.0,10116.4235806174,9999.999999999998,9961.384651426835,50,46,204,115
2019-06-20,10000.0,10198.317512239153,10000.0,10143.619038311286,50,50,205,157
2019-06-21,10000.0,9946.348647364126,10000.0,10053.632291160844,50,50,140,91
2019-06-24,10000.0,10094.585275997253,9999.999999999993,10291.242703163683,50,36,184,113
2019-06-25,10000.0,9800.956078491494,10000.0,9963.156094652304,48,50,216,139
2019-06-26,10000.0,9994.213389789515,10000.0,9919.99847987017,50,50,266,184
2019-06-27,10000.0,10039.551854699752,10000.0,10022.45117432041,50,50,220,140
2019-06-28,10000.0,10113.192020079669,9999.999999999996,10066.080706120973,50,43,191,114
2019-07-01,10000.0,10135.663802923165,10000.000000000007,10216.18271929707,50,49,271,171
2019-07-02,10000.0,9901.01362470996,10000.0,9801.497207894188,50,50,247,164
2019-07-03,10000.0,10044.354555706563,10000.0,9775.517700130556,50,50,129,72
2019-07-05,10000.00000000001,10221.278544195757,10000.0,9977.873598366414,45,27,118,59
2019-07-08,9999.999999999996,9999.348659187961,10000.0,10163.963125326483,43,16,233,150
2019-07-09,10000.00000000001,10026.21749484658,10000.0,9793.319222261318,42,50,270,184
2019-07-10,10000.0,10111.049156479216,10000.0,10061.520915995723,50,50,260,195
2019-07-11,10000.0,10073.10600432315,10000.0,9888.498773366637,50,50,274,194
2019-07-12,10000.0,10002.87990190284,10000.0,9880.895170862674,50,50,205,157
2019-07-15,10000.0,10105.268012761295,10000.0,10079.721240283206,50,50,210,144
2019-07-16,10000.0,9997.39947993059,10000.0,9783.92111286851,50,50,200,118
2019-07-17,10000.0,10028.27334891315,10000.0,9937.335085744478,50,50,265,171
2019-07-18,10000.0,9899.59284034036,10000.0,9825.198708394428,50,50,249,143
2019-07-19,10000.0,10130.110612250997,10000.0,9902.60260853713,50,50,180,121
2019-07-22,10000.0,10161.743812192142,10000.0,9951.354089107044,50,48,213,142
2019-07-23,10000.0,10107.000128459253,10000.0,9875.76373135336,50,50,371,284
2019-07-24,10000.0,10014.264600180775,10000.0,9854.346923055511,50,50,339,214
2019-07-25,10000.0,10077.28248343726,10000.0,10072.530595590688,50,50,407,271
2019-07-26,10000.0,10145.405316405431,10000.0,9723.815235968528,50,50,406,294
2019-07-29,10000.0,10151.666865328738,10000.0,9848.547248582261,50,50,401,258
2019-07-30,10000.0,9893.796186066424,10000.0,9703.767885162575,50,50,484,306
2019-07-31,10000.0,10103.052093722412,10000.0,10047.930948765465,50,50,524,362
2019-08-01,10000.0,9933.420758351285,10000.0,9647.065061294516,50,50,597,437
2019-08-02,10000.0,9913.569391802008,10000.0,9538.894063754442,50,50,461,331
2019-08-05,10000.0,9847.970963259455,10000.0,9695.809102531011,50,50,586,493
2019-08-06,10000.0,10048.664421911915,10000.0,10019.939142971136,50,50,436,294
2019-08-07,10000.0,10004.37361755027,10000.0,9644.934575578838,50,50,556,426
2019-08-08,10000.0,10087.970273429108,10000.0,9943.24512047589,50,50,478,368
2019-08-09,10000.0,10133.722009302017,10000.0,9941.488711353266,50,50,372,254
2019-08-12,10000.0,10025.673811150911,10000.0,9714.147565686444,50,50,382,305
2019-08-13,10000.0,9996.453808293338,10000.0,9859.321645329946,50,50,510,433
2019-08-14,10000.0,10012.751937792114,10000.0,9882.079226434362,50,50,476,386
2019-08-15,10000.0,9911.638570817415,10000.0,9863.026266310371,50,50,335,259
2019-08-16,10000.0,10117.494684111352,10000.0,9885.145411697235,50,50,349,303
2019-08-19,10000.0,10106.69544658602,10000.0,10157.888569964301,50,50,344,277
2019-08-20,10000.0,10034.253957484141,10000.0,10010.781975538282,50,50,239,158
2019-08-21,10000.0,10074.588839107779,10000.0,9970.997501386319,50,50,240,164
2019-08-22,10000.0,10080.768293839988,10000.000000000007,10050.533488664743,50,49,285,215
2019-08-23,10000.0,9973.016368665318,10000.0,9721.316644228418,50,50,386,322
2019-08-26,10000.0,9866.896263467484,10000.0,9754.846597360023,50,50,285,196
2019-08-27,10000.0,10047.3548747607,10000.0,9978.957898102004,50,50,283,209
2019-08-28,10000.0,9931.968838536906,10000.0,9690.593017640565,50,50,279,206
2019-08-29,10000.0,10150.718743386378,10000.0,10262.671871398825,50,50,296,214
2019-08-30,10000.0,10018.799191151018,10000.0,10113.82510622797,50,50,190,126
2019-09-03,10000.0,9864.631354143672,10000.0,9713.788981835492,50,50,331,249
2019-09-04,10000.0,9954.016401328683,10000.0,10029.884497536203,50,50,400,297
2019-09-05,10000.0,10001.56649470099,10000.0,10118.525917331872,50,50,452,370
2019-09-06,10000.0,9994.813778958169,10000.0,10062.2992285893,50,50,294,234
2019-09-09,10000.0,10061.807881958117,10000.0,10074.654108813435,50,50,344,259
2019-09-10,10000.0,10083.722284569767,10000.0,9957.073926616218,50,50,345,250
2019-09-11,10000.0,10331.294004000596,10000.0,9934.793200973485,50,50,288,201
2019-09-12,10000.0,10131.50388945154,10000.0,10001.68256341748,50,50,329,250
2019-09-13,10000.0,10024.111326911981,10000.0,9900.589852825837,50,50,290,217
2019-09-16,10000.0,9964.363027057572,10000.0,9925.744168776326,50,50,337,246
2019-09-17,10000.0,9988.048214186423,10000.0,9990.965135679671,50,50,300,217
2019-09-18,10000.0,10065.322179769455,10000.0,9842.62784813912,50,50,228,173
2019-09-19,10000.0,10125.593648910193,10000.0,9903.970615531067,50,50,215,142
2019-09-20,10000.0,9922.870444783646,10000.0,9940.247320065248,50,50,191,127
2019-09-23,10000.0,9963.491713212867,9999.999999999996,10045.810561110418,50,43,288,205
2019-09-24,10000.0,10132.719442488275,10000.0,9876.564218545951,50,50,312,220
2019-09-25,10000.0,9902.301220102718,10000.0,9556.97106224566,50,50,265,176
2019-09-26,10000.0,10069.46570525483,10000.0,9803.852840872392,50,50,287,193
2019-09-27,10000.0,9924.180552875303,10000.0,9732.780749601096,50,50,253,171
2019-09-30,10000.0,9983.86777651452,10000.0,9644.342054533323,50,50,283,214
2019-10-01,10000.0,9846.583918594468,10000.0,9809.210531604389,50,50,385,300
2019-10-02,10000.0,9779.935286392722,10000.0,9570.543414991145,50,50,420,335
2019-10-03,10000.0,10048.280402187906,10000.0,9864.013849874373,48,50,365,261
2019-10-04,10000.0,10148.275576304944,10000.0,10017.750739699062,50,50,244,167
2019-10-07,10000.0,10148.095084815646,10000.0,9950.534685309121,50,50,279,158
2019-10-08,10000.0,10045.146487767166,10000.0,9778.341546868063,50,50,406,352
2019-10-09,10000.0,10078.748891226196,10000.000000000007,9870.024138745777,50,49,278,211
2019-10-10,10000.0,10086.06027509089,10000.000000000007,9836.951310661396,50,49,330,257
2019-10-11,10000.0,10218.33101994175,10000.000000000007,9952.21286486366,50,49,438,351
2019-10-14,10000.0,10005.545026760683,10000.0,9871.912287034487,50,50,258,163
2019-10-15,10000.0,10013.875319897861,10000.0,9916.369038964842,50,50,326,242
2019-10-16,10000.0,10177.997577824886,10000.0,9980.190430159331,50,50,286,186
2019-10-17,10000.0,10116.998201638287,10000.0,10040.122840842503,50,50,336,256
2019-10-18,10000.0,10039.11257148805,10000.0,9900.569274825519,50,50,315,222
2019-10-21,10000.0,10176.946556517116,10000.0,9901.671230749336,50,50,463,338
2019-10-22,10000.0,10015.80856441934,10000.0,9974.617965083398,50,50,305,205
2019-10-23,10000.000000000007,10040.970716901966,10000.000000000007,9926.608213068692,49,49,434,289
2019-10-24,10000.000000000007,10109.16474891978,10000.0,10078.337966019799,49,50,441,340
2019-10-25,10000.0,10058.602676613671,10000.0,9727.305445017846,50,50,379,286
2019-10-28,10000.0,10204.586840251979,10000.0,9907.45095301359,50,50,438,290
2019-10-29,10000.0,10006.463706676404,10000.0,9756.446606651856,50,50,433,286
2019-10-30,10000.0,10065.700645129386,10000.0,9784.841078799398,50,50,418,269
2019-10-31,10000.0,10058.224829664397,10000.0,9708.450843642306,50,50,389,281
2019-11-01,10000.0,10091.04507545255,10000.0,9835.037087970519,50,50,378,286
2019-11-04,10000.0,10154.956627784935,10000.0,10153.943519829678,50,50,494,408
2019-11-05,10000.0,10071.556968507042,10000.0,9804.874993312169,50,50,542,429
2019-11-06,10000.0,10007.662714414051,10000.0,9884.673345802179,50,50,467,303
2019-11-07,10000.0,10003.409001414188,10000.0,9909.055665727174,50,50,562,448
2019-11-08,10000.0,9970.51748320302,10000.0,9637.882950960753,50,50,364,264
2019-11-11,10000.0,10049.662495750821,10000.0,9922.970580073363,50,50,279,199
2019-11-12,10000.0,10108.915277400674,10000.0,9905.450584675256,50,50,395,282
2019-11-13,10000.0,9944.540638514492,10000.0,9735.632895632974,50,50,370,264
2019-11-14,10000.0,9992.558264879966,10000.0,9837.774337867802,50,50,324,197
2019-11-15,10000.0,10010.3675232017,10000.0,9790.866008395671,50,50,330,251
2019-11-18,10000.000000000007,9998.783736309288,10000.0,10011.624851133638,49,50,356,289
2019-11-19,10000.0,9942.092502273685,10000.000000000007,9908.074154066666,50,49,342,261
2019-11-20,10000.0,9991.375749207627,10000.0,9847.59574563463,50,50,314,228
2019-11-21,10000.0,10016.12950774765,10000.000000000007,9856.13168062209,50,49,289,217
2019-11-22,10000.0,10047.797587681884,10000.0,10075.851399643938,50,50,224,173
2019-11-25,10000.0,9985.490797047973,10000.0,9929.870586994139,50,50,299,233
2019-11-26,10000.0,10114.895354715896,10000.0,10009.613069931758,50,50,318,250
2019-11-27,10000.0,10046.688032089154,10000.0,9869.463838392603,50,50,242,180
2019-11-29,10000.0,9975.539899093234,10000.000000000007,9980.44060012431,50,49,196,139
2019-12-02,10000.0,10013.345158695096,10000.0,10002.173617047249,50,50,299,212
2019-12-03,10000.0,9845.084150714978,10000.0,9716.288687026334,50,50,324,246
2019-12-04,10000.0,10281.324474983863,10000.0,10069.629108975285,50,50,283,208
2019-12-05,10000.0,10075.55327544143,10000.0,10130.224030005822,50,50,271,179
2019-12-06,10000.0,10007.707989127328,10000.0,9888.441217771982,50,50,421,332
2019-12-09,10000.0,10000.531761259477,10000.0,10109.251604644041,50,50,259,155
2019-12-10,10000.0,10161.677209269417,10000.0,9907.1161247932,50,50,351,260
2019-12-11,10000.0,10127.463130654658,10000.0,9764.534337039779,50,50,319,220
2019-12-12,10000.0,10005.143312905851,10000.0,10212.303022805077,50,50,482,403
2019-12-13,10000.0,10122.015524393348,10000.0,9960.653833864118,50,50,361,286
2019-12-16,10000.0,10009.296326180107,10000.0,9885.626311343785,50,50,389,319
2019-12-17,10000.0,9968.152655244532,10000.0,10094.902900715104,50,50,378,299
2019-12-18,10000.0,10034.13968287422,10000.0,10001.178125486485,50,50,377,275
2019-12-19,10000.0,9975.18270047514,10000.0,9948.442739104952,50,50,303,233
2019-12-20,10000.0,10062.991038467637,10000.0,10024.504861904852,50,50,392,295
2019-12-23,10000.0,10030.12407560257,10000.0,9961.128590330633,50,50,285,188
2019-12-24,10000.0,10129.278155371849,9999.999999999998,11814.886350667352,50,34,126,72
2019-12-26,10000.00000000001,10262.437483567941,10000.0,10008.860313736976,47,25,114,71
2019-12-27,10000.00000000001,10454.785949467407,10000.0,10099.805597198994,47,24,274,223
2019-12-30,10000.0,9947.084412977298,10000.0,9962.191568746786,50,48,145,53
2019-12-31,9999.999999999998,10307.240938934556,9999.999999999996,10061.66756244214,34,19,108,53
2020-01-02,9999.999999999995,10333.307010362243,10000.0,9886.842299088341,28,25,237,161
2020-01-03,10000.0,9881.739594717483,10000.000000000002,9719.00346348499,50,44,281,199
2020-01-06,10000.0,10060.487155765217,10000.0,9831.374163129165,50,50,295,213
2020-01-07,10000.0,10061.410998403066,10000.0,9984.658077162323,50,50,279,200
2020-01-08,10000.0,10068.24700795224,10000.0,9918.301595722016,50,50,309,203
2020-01-09,10000.0,10050.515070933083,10000.0,9687.620066809828,50,50,448,386
2020-01-10,10000.0,9987.123228789997,10000.0,9872.30924310877,50,50,356,274
2020-01-13,10000.0,10082.294200200891,10000.0,9901.657521741712,50,50,320,224
2020-01-14,10000.0,10091.615087286062,10000.0,9875.927807397036,50,50,279,195
2020-01-15,10000.000000000007,9981.902728884448,10000.0,10023.23701519099,49,50,363,294
2020-01-16,10000.0,10071.310185722761,10000.0,9947.032064539175,50,50,435,364
2020-01-17,10000.0,10102.366567543166,10000.0,10055.940822607005,50,50,497,435
2020-01-21,10000.0,10017.958932657299,10000.0,9849.966595947477,50,50,571,377
2020-01-22,10000.0,10113.898436850142,10000.0,9802.904012368344,50,50,578,372
2020-01-23,10000.0,9929.777999338427,10000.0,9882.266764217822,50,50,386,208
2020-01-24,10000.0,10003.126126705703,10000.0,9889.244893370083,50,50,484,358
2020-01-27,10000.0,9692.16174194068,10000.0,9430.964880717826,50,50,493,344
2020-01-28,10000.0,10113.937066859595,10000.0,9927.457600269883,50,50,435,278
2020-01-29,10000.0,9995.418326689713,10000.0,9922.972807313234,50,50,396,283
2020-01-30,10000.0,9876.638164311747,10000.0,9548.640280883395,50,50,429,331
2020-01-31,10000.0,9998.155101980072,10000.0,9963.336469886926,50,50,437,340
2020-02-03,10000.0,9990.853666419407,10000.0,9765.050301016474,50,50,393,317
2020-02-04,10000.0,10000.192235386021,10000.0,10087.335204466039,50,50,455,374
2020-02-05,10000.0,9988.551432187702,10000.0,10158.593371546001,50,50,468,391
2020-02-06,10000.0,10001.363458955286,10000.0,9821.31105842229,50,50,448,358
2020-02-07,10000.0,9922.371057723127,10000.0,9807.247112113935,50,50,256,204
2020-02-10,10000.0,9974.859521312324,10000.0,9851.925074442517,50,50,382,305
2020-02-11,10000.000000000007,10098.943134133553,10000.0,9957.779022538543,49,50,460,383
2020-02-12,10000.0,10018.038479042489,10000.0,10054.380612063364,50,50,486,387
2020-02-13,10000.0,10050.135182241984,10000.0,9900.809060673064,50,50,397,283
2020-02-14,10000.0,10079.118206404197,10000.0,9987.092097777859,50,50,399,318
2020-02-18,10000.0,9966.82553714374,10000.000000000007,9847.257635073904,50,49,507,421
2020-02-19,10000.000000000007,10017.68143748628,10000.0,9989.10514717178,49,50,469,377
2020-02-20,10000.0,10017.554556855845,10000.0,9885.51401556947,50,50,488,394
2020-02-21,10000.0,10097.679962548487,10000.0,9951.981567502266,50,50,454,337
2020-02-24,10000.0,9868.336803659982,10000.0,9451.225183553935,50,50,484,401
2020-02-25,10000.0,9959.247953170565,10000.0,9980.217196855063,50,50,469,371
2020-02-26,10000.0,9658.079354827174,10000.000000000007,9657.18216739006,50,49,450,336
2020-02-27,10000.0,9545.915437538017,10000.0,9372.508303418594,50,50,834,742
2020-02-28,10000.0,9668.170108817632,10000.0,9540.112409743902,50,50,1009,917
2020-03-02,10000.000000000007,10247.575130056926,10000.0,10027.574212460146,49,50,389,304
2020-03-03,10000.0,10036.01410214812,10000.0,10155.17324346607,50,50,409,311
2020-03-04,10000.0,9989.34809483687,10000.0,9756.184686516783,50,50,434,338
2020-03-05,10000.0,10147.652162531765,10000.0,9757.654155487447,50,50,549,469
2020-03-06,10000.0,9851.671220830633,10000.0,9312.477525818187,50,50,850,780
2020-03-09,10000.0,9220.491210575721,10000.0,8623.063255582674,50,50,542,392
2020-03-10,10000.0,10036.50698439155,10000.0,10169.33561518901,50,50,562,471
2020-03-11,10000.0,9336.291465569791,10000.0,9400.595520672518,50,50,803,713
2020-03-12,10000.0,8806.265800171677,10000.0,8873.105685250128,50,50,1806,1731
2020-03-13,10000.00000000001,9888.086525019678,10000.0,9928.24138455213,47,50,621,517
2020-03-16,10000.0,8670.324974286159,10000.0,9201.178286894878,50,50,682,592
2020-03-17,10000.0,10299.20642285184,10000.0,9906.594632803597,50,50,616,472
2020-03-18,10000.0,9471.554832299222,10000.0,9505.821981308616,50,50,521,388
2020-03-19,10000.0,9288.994950294413,10000.0,8944.178673286327,50,50,1062,971
2020-03-20,10000.0,11400.60780429735,10000.0,10907.284104130213,50,50,463,386
2020-03-23,10000.0,9618.022044147401,10000.0,9404.96679769774,50,50,872,792
2020-03-24,10000.0,10339.17289620715,10000.0,10128.489889255852,50,50,509,394
2020-03-25,10000.0,10424.748706755716,10000.0,10520.707694021083,50,50,410,330
2020-03-26,10000.0,10634.184117735025,10000.0,10165.080537039137,50,50,499,415
2020-03-27,10000.0,10150.713255116912,10000.0,10101.22667154932,50,50,583,513
2020-03-30,10000.0,9955.346606925796,10000.0,9997.55725388163,50,50,462,379
2020-03-31,10000.0,10022.877614419423,10000.0,10022.235183989575,50,50,483,365
2020-04-01,10000.0,9726.4572067425,10000.0,9422.357261613286,50,50,571,497
2020-04-02,10000.0,9915.509001741948,10000.0,9710.224671796852,50,50,446,332
2020-04-03,10000.0,9888.982443758157,10000.0,10094.789114581095,50,50,406,335
2020-04-06,10000.0,10266.022400615439,10000.0,10157.040849464967,50,50,584,495
2020-04-07,10000.0,10970.64153235355,10000.0,11006.390052807854,50,50,567,481
2020-04-08,10000.0,9982.39933542972,10000.0,9828.129512636327,50,50,513,443
2020-04-09,10000.0,10984.846551555947,10000.0,10696.249932747281,50,50,567,458
2020-04-13,10000.0,10264.004043289926,10000.0,9953.340227660323,50,50,539,459
2020-04-14,10000.0,10019.409751593343,10000.0,9934.543158054945,50,50,489,397
2020-04-15,10000.0,9713.511785912962,10000.0,9717.866953789062,50,50,674,603
2020-04-16,10000.0,10215.555521199496,10000.0,9838.134845207524,50,50,442,344
2020-04-17,10000.0,10007.626160527956,10000.0,9879.496160592373,50,50,538,473
2020-04-20,10000.0,9851.184479130958,10000.0,9783.941653038471,50,50,451,338
2020-04-21,10000.0,9975.414916984717,10000.0,9864.406719762714,50,50,515,407
2020-04-22,10000.0,10258.044463595066,10000.0,10194.191158157351,50,50,418,320
2020-04-23,10000.0,9985.065751999315,10000.0,9953.83517512254,50,50,434,318
2020-04-24,10000.0,10133.232851076677,10000.0,10102.813578048335,50,50,399,277
2020-04-27,10000.0,10182.297806405237,10000.0,10111.720949839979,50,50,517,400
2020-04-28,10000.0,10327.540388931744,10000.0,10351.982918467844,50,50,466,340
2020-04-29,10000.0,10076.910600393157,10000.0,10137.086134185824,50,50,605,503
2020-04-30,10000.000000000007,10092.705682941247,10000.0,9975.084315532209,49,50,614,473
2020-05-01,10000.0,9562.428567034473,10000.0,9416.14344740332,50,50,636,475
2020-05-04,10000.0,9712.22726909411,10000.0,9511.207369304972,50,50,435,329
2020-05-05,10000.000000000007,10430.57657458882,10000.0,10261.26318017582,49,50,540,392
2020-05-06,10000.0,9957.427463884716,10000.0,9738.424873089523,50,50,510,379
2020-05-07,10000.000000000007,9959.627147506348,10000.0,9730.573440732036,49,50,657,487
2020-05-08,10000.0,10071.791380961313,10000.0,10163.273176687624,50,50,523,426
2020-05-11,10000.0,10147.544734961997,10000.0,10052.432306335804,50,50,501,389
2020-05-12,10000.0,10136.81507832708,10000.0,9890.131638901783,50,50,408,301
2020-05-13,10000.0,9850.08856400802,10000.0,9514.270639553291,50,50,535,435
2020-05-14,10000.0,9594.32272951139,10000.0,9318.893487792002,50,50,489,378
2020-05-15,10000.0,10321.666103755688,10000.0,10228.85977129943,50,50,389,291
2020-05-18,10000.0,10522.512135423898,10000.0,10409.144731236303,50,50,592,514
2020-05-19,10000.0,9799.08561339261,10000.0,10299.75204883068,50,50,325,219
2020-05-20,10000.0,10209.427431209566,10000.0,10013.94063087998,50,50,406,341
2020-05-21,10000.0,10000.73076702469,10000.0,10149.182161379646,50,50,262,207
2020-05-22,10000.0,10170.674133594259,10000.0,10263.025070083224,50,50,213,147
2020-05-26,10000.0,10246.414098008,10000.0,10335.994942245028,50,50,595,514
2020-05-27,10000.0,9993.627730885746,10000.0,10026.0963109768,50,50,458,354
2020-05-28,10000.0,10196.636201828074,10000.0,9943.586045722663,50,50,340,261
2020-05-29,10000.0,9697.640464526101,10000.0,9774.542715893374,50,50,268,184
2020-06-01,10000.0,10034.502566591424,10000.0,10044.526080950189,50,50,388,316
2020-06-02,10000.0,10406.273568546016,10000.0,10202.305539603172,50,50,286,220
2020-06-03,10000.0,10000.27626572785,10000.0,10313.200288437973,50,50,555,497
2020-06-04,10000.0,9997.455377323626,10000.0,10022.188961367632,50,50,350,274
2020-06-05,10000.0,10715.721516673335,10000.0,10843.7977839872,50,50,688,632
2020-06-08,10000.0,10074.067915998061,10000.0,11085.11105031437,50,50,513,419
